cmd	name	in_game	set	afs_entry	afs_name	vol	size_bytes	dur_s	rate	ch	loop	loop_start_sample	loop_end_sample	total_samples
0x00		sound-test-only	CPS2	70	___blank___.adx	0x00	54058	1.00	48000	2	0	0	0	48000
0x00		sound-test-only	CPS1	139	___blank___.adx	0x00	54058	1.00	48000	2	0	0	0	48000
0x01	STAGE KEN	yes	ARRANGE	1	arg_01.adx	0x68	4294656	79.51	48000	2	1	685952	3742399	3816271
0x01	STAGE KEN	yes	CPS2	71	CPS2_01.adx	0x58	3770368	69.75	48000	2	1	508128	3347411	3348098
0x01	STAGE KEN	yes	CPS1	140	fm_01.adx	0x74	3717120	68.78	48000	2	1	523040	3231125	3301406
0x02	STAGE RYU	yes	ARRANGE	2	arg_02.adx	0x68	3172352	58.70	48000	2	1	278784	2774336	2817627
0x02	STAGE RYU	yes	CPS2	72	CPS2_02.adx	0x58	3008512	55.68	48000	2	1	344960	2672063	2672797
0x02	STAGE RYU	yes	CPS1	141	fm_02.adx	0x70	2744320	50.77	48000	2	1	186880	2429130	2437122
0x03	STAGE E.HONDA	yes	ARRANGE	3	arg_03.adx	0x6c	3864576	71.52	48000	2	1	484672	3391979	3432843
0x03	STAGE E.HONDA	yes	CPS2	73	CPS2_03.adx	0x58	3543040	65.55	48000	2	1	286208	3145629	3146272
0x03	STAGE E.HONDA	yes	CPS1	142	fm_03.adx	0x70	3633152	67.24	48000	2	1	438304	3211108	3227667
0x04	STAGE CHUN LI	yes	ARRANGE	4	arg_04.adx	0x68	3553280	65.75	48000	2	1	521280	3122275	3156129
0x04	STAGE CHUN LI	yes	CPS2	74	CPS2_04.adx	0x58	2990080	55.33	48000	2	1	167008	2654947	2655635
0x04	STAGE CHUN LI	yes	CPS1	143	fm_04.adx	0x70	3035136	56.15	48000	2	1	166528	2657901	2695177
0x05	STAGE BLANKA	yes	ARRANGE	5	arg_05.adx	0x68	3547136	65.67	48000	2	1	494528	3130225	3151983
0x05	STAGE BLANKA	yes	CPS2	75	CPS2_05.adx	0x58	3287040	60.83	48000	2	1	359776	2919064	2919688
0x05	STAGE BLANKA	yes	CPS1	144	fm_05.adx	0x70	3164160	58.54	48000	2	1	308128	2771021	2809875
0x06	STAGE ZANGIEF	yes	ARRANGE	6	arg_06.adx	0x70	3663872	67.80	48000	2	1	894656	3218662	3254538
0x06	STAGE ZANGIEF	yes	CPS2	76	CPS2_06.adx	0x58	3115008	57.65	48000	2	1	446400	2766558	2767287
0x06	STAGE ZANGIEF	yes	CPS1	145	fm_06.adx	0x70	3356672	62.12	48000	2	1	690368	2934146	2981889
0x07	STAGE GUILE	yes	ARRANGE	7	arg_07.adx	0x68	4421632	81.83	48000	2	1	612544	3907170	3927724
0x07	STAGE GUILE	yes	CPS2	77	CPS2_07.adx	0x58	3971072	73.51	48000	2	1	286720	3527762	3528408
0x07	STAGE GUILE	yes	CPS1	146	fm_07.adx	0x70	4194304	77.65	48000	2	1	554752	3696657	3727362
0x08	STAGE DHALSIM	yes	ARRANGE	8	arg_08.adx	0x68	3684352	68.17	48000	2	1	649920	3248380	3272356
0x08	STAGE DHALSIM	yes	CPS2	78	CPS2_08.adx	0x58	2971648	55.01	48000	2	1	79968	2639716	2640408
0x08	STAGE DHALSIM	yes	CPS1	147	fm_08.adx	0x70	4952064	91.65	48000	2	1	615904	4310681	4399119
0x09	STAGE M.BISON	yes	ARRANGE	9	arg_09.adx	0x68	3444736	63.76	48000	2	1	505728	3030795	3060692
0x09	STAGE M.BISON	yes	CPS2	79	CPS2_09.adx	0x58	3084288	57.05	48000	2	1	249856	2737902	2738539
0x09	STAGE M.BISON	yes	CPS1	148	fm_09.adx	0x70	3311616	61.27	48000	2	1	480960	2883142	2940949
0x0a	STAGE BALROG	yes	ARRANGE	10	arg_0a.adx	0x70	3383296	62.60	48000	2	1	282848	2986690	3004647
0x0a	STAGE BALROG	yes	CPS2	80	CPS2_0a.adx	0x58	3031040	56.08	48000	2	1	77504	2691108	2691717
0x0a	STAGE BALROG	yes	CPS1	149	fm_0a.adx	0x6c	3088384	57.17	48000	2	1	283552	2689571	2744324
0x0b	STAGE SAGAT	yes	ARRANGE	11	arg_0b.adx	0x68	4833280	89.44	48000	2	1	453440	4269709	4293299
0x0b	STAGE SAGAT	yes	CPS2	81	CPS2_0b.adx	0x58	4562944	84.44	48000	2	1	309920	4052441	4053022
0x0b	STAGE SAGAT	yes	CPS1	150	fm_0b.adx	0x70	2482176	45.91	48000	2	1	296896	2167742	2203673
0x0c	STAGE VEGA	yes	ARRANGE	12	arg_0c.adx	0x6c	3928064	72.72	48000	2	1	336640	3456684	3490708
0x0c	STAGE VEGA	yes	CPS2	82	CPS2_0c.adx	0x58	3588096	66.42	48000	2	1	120064	3187377	3188023
0x0c	STAGE VEGA	yes	CPS1	151	fm_0c.adx	0x70	3770368	69.80	48000	2	1	332736	3323175	3350547
0x0d	STAGE FEI LONG	yes	ARRANGE	13	arg_0d.adx	0x72	2568192	47.53	48000	2	1	470272	2251497	2281488
0x0d	STAGE FEI LONG	yes	CPS2	83	CPS2_0d.adx	0x58	2129920	39.41	48000	2	1	137824	1890740	1891462
0x0d	STAGE FEI LONG	yes	CPS1	152	fm_0d.adx	0x68	2478080	45.86	48000	2	1	453152	2176030	2201303
0x0e	STAGE CAMMY	yes	ARRANGE	14	arg_0e.adx	0x6c	3383296	62.63	48000	2	1	350656	2986321	3006464
0x0e	STAGE CAMMY	yes	CPS2	84	CPS2_0e.adx	0x58	2990080	55.32	48000	2	1	160	2654787	2655464
0x0e	STAGE CAMMY	yes	CPS1	153	fm_0e.adx	0x68	3686400	68.25	48000	2	1	653312	3264449	3276231
0x0f	STAGE T.HAWK	yes	ARRANGE	15	arg_0f.adx	0x68	2275328	42.07	48000	2	1	105600	2006606	2019345
0x0f	STAGE T.HAWK	yes	CPS2	85	CPS2_0f.adx	0x58	2074624	38.37	48000	2	1	20928	1841243	1841902
0x0f	STAGE T.HAWK	yes	CPS1	154	fm_0f.adx	0x6c	2199552	40.70	48000	2	1	84032	1927684	1953385
0x10	STAGE DEE JAY	yes	ARRANGE	16	arg_10.adx	0x6c	2873344	53.16	48000	2	1	548352	2536521	2551808
0x10	STAGE DEE JAY	yes	CPS2	86	CPS2_10.adx	0x58	2162688	40.02	48000	2	1	12000	1920174	1920910
0x10	STAGE DEE JAY	yes	CPS1	155	fm_10.adx	0x70	2678784	49.56	48000	2	1	444448	2351041	2378938
0x11	STAGE KEN(2)	yes	ARRANGE	17	arg_11.adx	0x6c	2295808	42.50	48000	2	1	112640	2014623	2039837
0x11	STAGE KEN(2)	yes	CPS2	87	CPS2_11.adx	0x58	2107392	38.97	48000	2	1	160	1869741	1870372
0x11	STAGE KEN(2)	yes	CPS1	156	fm_11.adx	0x68	2039808	37.72	48000	2	1	105536	1780291	1810453
0x12	STAGE RYU(2)	yes	ARRANGE	18	arg_12.adx	0x6c	1583104	29.27	48000	2	1	137504	1392889	1404943
0x12	STAGE RYU(2)	yes	CPS2	88	CPS2_12.adx	0x58	1388544	25.65	48000	2	1	128	1230479	1231151
0x12	STAGE RYU(2)	yes	CPS1	157	fm_12.adx	0x70	1425408	26.37	48000	2	1	64736	1245832	1265686
0x13	STAGE E.HONDA(2)	yes	ARRANGE	19	arg_13.adx	0x6c	1642496	30.38	48000	2	1	75456	1422149	1458204
0x13	STAGE E.HONDA(2)	yes	CPS2	89	CPS2_13.adx	0x58	1497088	27.66	48000	2	1	384	1327076	1327700
0x13	STAGE E.HONDA(2)	yes	CPS1	158	fm_13.adx	0x70	1550336	28.67	48000	2	1	81152	1362210	1376283
0x14	STAGE CHUN LI(2)	yes	ARRANGE	20	arg_14.adx	0x6c	1513472	27.99	48000	2	1	97280	1327353	1343510
0x14	STAGE CHUN LI(2)	yes	CPS2	90	CPS2_14.adx	0x58	1388544	25.66	48000	2	1	2240	1230793	1231563
0x14	STAGE CHUN LI(2)	yes	CPS1	159	fm_14.adx	0x70	1421312	26.28	48000	2	1	73568	1254667	1261598
0x15	STAGE BLANKA(2)	yes	ARRANGE	21	arg_15.adx	0x6c	1384448	25.60	48000	2	1	87904	1206023	1228825
0x15	STAGE BLANKA(2)	yes	CPS2	91	CPS2_15.adx	0x58	1275904	23.58	48000	2	1	224	1131110	1131797
0x15	STAGE BLANKA(2)	yes	CPS1	160	fm_15.adx	0x70	1269760	23.47	48000	2	1	18432	1101871	1126405
0x16	STAGE ZANGIEF(2)	yes	ARRANGE	22	arg_16.adx	0x78	5070848	93.85	48000	2	1	61184	1360433	4504923
0x16	STAGE ZANGIEF(2)	yes	CPS2	92	CPS2_16.adx	0x50	1443840	26.67	48000	2	1	160	1279390	1280034
0x16	STAGE ZANGIEF(2)	yes	CPS1	161	fm_16.adx	0x70	1439744	26.62	48000	2	1	73824	1254923	1277974
0x17	STAGE GUILE(2)	yes	ARRANGE	23	arg_17.adx	0x6c	2961408	54.78	48000	2	1	98336	2608555	2629638
0x17	STAGE GUILE(2)	yes	CPS2	93	CPS2_17.adx	0x58	2772992	51.28	48000	2	1	160	2461018	2461638
0x17	STAGE GUILE(2)	yes	CPS1	162	fm_17.adx	0x70	2775040	51.37	48000	2	1	73792	2435989	2465796
0x18	STAGE DHALSIM(2)	yes	ARRANGE	24	arg_18.adx	0x6c	2707456	50.09	48000	2	1	55552	2376096	2404369
0x18	STAGE DHALSIM(2)	yes	CPS2	94	CPS2_18.adx	0x58	2547712	47.14	48000	2	1	160	2262020	2262776
0x18	STAGE DHALSIM(2)	yes	CPS1	163	fm_18.adx	0x70	2564096	47.45	48000	2	1	68416	2235302	2277388
0x19	STAGE M.BISON(2)	yes	ARRANGE	25	arg_19.adx	0x6c	2793472	51.71	48000	2	1	61536	2457610	2482201
0x19	STAGE M.BISON(2)	yes	CPS2	95	CPS2_19.adx	0x58	1331200	24.61	48000	2	1	832	1180487	1181097
0x19	STAGE M.BISON(2)	yes	CPS1	164	fm_19.adx	0x70	1384448	25.60	48000	2	1	74976	1207633	1228831
0x1a	STAGE BALROG(2)	yes	ARRANGE	26	arg_1a.adx	0x74	2633728	48.73	48000	2	1	91296	2287639	2338847
0x1a	STAGE BALROG(2)	yes	CPS2	96	CPS2_1a.adx	0x58	2439168	45.12	48000	2	1	160	2165026	2165731
0x1a	STAGE BALROG(2)	yes	CPS1	165	fm_1a.adx	0x70	2463744	45.57	48000	2	1	105536	2173225	2187284
0x1b	STAGE SAGAT(2)	yes	ARRANGE	27	arg_1b.adx	0x6c	1241088	22.96	48000	2	1	43136	1082829	1101852
0x1b	STAGE SAGAT(2)	yes	CPS2	97	CPS2_1b.adx	0x58	1146880	21.18	48000	2	1	224	1015789	1016537
0x1b	STAGE SAGAT(2)	yes	CPS1	166	fm_1b.adx	0x70	1402880	25.94	48000	2	1	167712	1184257	1245205
0x1c	STAGE VEGA(2)	yes	ARRANGE	28	arg_1c.adx	0x70	2924544	54.10	48000	2	1	96672	2556650	2596873
0x1c	STAGE VEGA(2)	yes	CPS2	98	CPS2_1c.adx	0x58	2770944	51.29	48000	2	1	736	2461124	2461773
0x1c	STAGE VEGA(2)	yes	CPS1	167	fm_1c.adx	0x70	3053568	56.49	48000	2	1	294944	2657143	2711558
0x1d	STAGE FEI LONG(2)	yes	ARRANGE	29	arg_1d.adx	0x78	3338240	61.78	48000	2	1	154208	2949657	2965512
0x1d	STAGE FEI LONG(2)	yes	CPS2	99	CPS2_1d.adx	0x58	1554432	28.74	48000	2	1	160	1378581	1379303
0x1d	STAGE FEI LONG(2)	yes	CPS1	168	fm_1d.adx	0x68	1798144	33.25	48000	2	1	61408	1415233	1596060
0x1e	STAGE CAMMY(2)	yes	ARRANGE	30	arg_1e.adx	0x70	2936832	54.36	48000	2	1	78848	2589089	2609152
0x1e	STAGE CAMMY(2)	yes	CPS2	100	CPS2_1e.adx	0x58	1388544	25.65	48000	2	1	192	1230507	1231140
0x1e	STAGE CAMMY(2)	yes	CPS1	169	fm_1e.adx	0x68	1421312	26.30	48000	2	1	54016	1247990	1262548
0x1f	STAGE T.HAWK(2)	yes	ARRANGE	31	arg_1f.adx	0x6c	2701312	50.01	48000	2	1	81216	2387481	2400280
0x1f	STAGE T.HAWK(2)	yes	CPS2	101	CPS2_1f.adx	0x58	968704	17.87	48000	2	1	573760	857177	857744
0x1f	STAGE T.HAWK(2)	yes	CPS1	170	fm_1f.adx	0x6c	2703360	50.01	48000	2	1	270336	2383745	2400256
0x20	STAGE DEE JAY(2)	yes	ARRANGE	32	arg_20.adx	0x70	2940928	54.44	48000	2	1	92544	2585833	2613256
0x20	STAGE DEE JAY(2)	yes	CPS2	102	CPS2_20.adx	0x58	911360	16.83	48000	2	1	652672	807440	808051
0x20	STAGE DEE JAY(2)	yes	CPS1	171	fm_20.adx	0x70	796672	14.72	48000	2	1	395264	700161	706528
0x21	ENDING KEN(2)	yes	ARRANGE	33	arg_21.adx	0x68	4165690	77.14	48000	2	0	0	0	3702768
0x21	ENDING KEN(2)	yes	CPS2	103	CPS2_21.adx	0x58	4439434	82.21	48000	2	0	0	0	3946091
0x21	ENDING KEN(2)	yes	CPS1	172	fm_21.adx	0x70	3901440	72.19	48000	2	1	2083072	3438642	3465233
0x22	ENDING KEN	yes	ARRANGE	34	arg_22.adx	0x68	1947648	36.01	48000	2	1	735840	1716233	1728528
0x22	ENDING KEN	yes	CPS2	104	CPS2_22.adx	0x58	935936	17.31	48000	2	1	277600	829996	830785
0x22	ENDING KEN	yes	CPS1	173	fm_22.adx	0x70	1517568	28.07	48000	2	1	796192	1326788	1347585
0x23	ENDING RYU	yes	ARRANGE	35	arg_23.adx	0x68	3473482	64.32	48000	2	0	0	0	3087467
0x23	ENDING RYU	yes	CPS2	105	CPS2_23.adx	0x58	3359542	62.21	48000	2	0	0	0	2986179
0x23	ENDING RYU	yes	CPS1	174	fm_23.adx	0x70	3189874	59.07	48000	2	0	0	0	2835388
0x24	ENDING E.HONDA	yes	ARRANGE	36	arg_24.adx	0x64	2539520	46.98	48000	2	1	544608	2230496	2254816
0x24	ENDING E.HONDA	yes	CPS2	106	CPS2_24.adx	0x58	1662976	30.78	48000	2	1	492736	1476598	1477222
0x24	ENDING E.HONDA	yes	CPS1	175	fm_24.adx	0x70	2729984	50.52	48000	2	1	1439616	2399259	2424856
0x25	ENDING CHUN LI	yes	ARRANGE	37	arg_25.adx	0x68	1759232	32.53	48000	2	1	353536	1529073	1561368
0x25	ENDING CHUN LI	yes	CPS2	107	CPS2_25.adx	0x58	1384448	25.58	48000	2	1	59040	1227267	1227900
0x25	ENDING CHUN LI	yes	CPS1	176	fm_25.adx	0x70	1523712	28.16	48000	2	1	224096	1343711	1351738
0x26	ENDING CHUN LI(2)	yes	ARRANGE	38	arg_26.adx	0x68	2349056	43.45	48000	2	1	254112	2061135	2085748
0x26	ENDING CHUN LI(2)	yes	CPS2	108	CPS2_26.adx	0x58	1124352	20.79	48000	2	1	111392	997175	997862
0x26	ENDING CHUN LI(2)	yes	CPS1	177	fm_26.adx	0x70	1157120	21.38	48000	2	1	150048	1020371	1026056
0x27	ENDING BLANKA	yes	ARRANGE	39	arg_27.adx	0x68	1748992	32.32	48000	2	1	307712	1541945	1551151
0x27	ENDING BLANKA	yes	CPS2	109	CPS2_27.adx	0x58	1030144	19.05	48000	2	1	304576	913644	914338
0x27	ENDING BLANKA	yes	CPS1	178	fm_27.adx	0x70	1052672	19.46	48000	2	1	294976	885455	933913
0x28	ENDING ZANGIEF	yes	ARRANGE	40	arg_28.adx	0x68	1196032	22.11	48000	2	1	518336	1054007	1061184
0x28	ENDING ZANGIEF	yes	CPS2	110	CPS2_28.adx	0x58	612352	11.30	48000	2	1	128	541570	542201
0x28	ENDING ZANGIEF	yes	CPS1	179	fm_28.adx	0x70	1255424	23.21	48000	2	1	535744	1077846	1114136
0x29	ENDING GUILE	yes	ARRANGE	41	arg_29.adx	0x68	3606528	66.73	48000	2	1	1797216	3152433	3203072
0x29	ENDING GUILE	yes	CPS2	111	CPS2_29.adx	0x58	1554432	28.73	48000	2	1	344064	1378405	1379002
0x29	ENDING GUILE	yes	CPS1	180	fm_29.adx	0x68	2656256	49.15	48000	2	1	1329184	2325794	2359302
0x2a	ENDING DHALSIM	yes	ARRANGE	42	arg_2a.adx	0x68	1291450	23.91	48000	2	0	0	0	1147904
0x2a	ENDING DHALSIM	yes	CPS2	112	CPS2_2a.adx	0x58	1862482	34.49	48000	2	0	0	0	1655469
0x2a	ENDING DHALSIM	yes	CPS1	181	fm_2a.adx	0x70	1785586	33.07	48000	2	0	0	0	1587135
0x2b	ENDING M.BISON	yes	ARRANGE	43	arg_2b.adx	0x68	2742272	50.77	48000	2	1	1645600	2405121	2437120
0x2b	ENDING M.BISON	yes	CPS2	113	CPS2_2b.adx	0x58	2185216	40.41	48000	2	1	1163712	1938811	1939446
0x2b	ENDING M.BISON	yes	CPS1	182	fm_2b.adx	0x68	2134016	39.47	48000	2	1	1131648	1884673	1894400
0x2c	ENDING BALROG	yes	ARRANGE	44	arg_2c.adx	0x68	1959936	36.27	48000	2	1	705888	1720321	1740816
0x2c	ENDING BALROG	yes	CPS2	114	CPS2_2c.adx	0x58	1765376	32.64	48000	2	1	505408	1566148	1566848
0x2c	ENDING BALROG	yes	CPS1	183	fm_2c.adx	0x68	1800192	33.28	48000	2	1	604416	1586689	1597440
0x2d	ENDING SAGAT	yes	ARRANGE	45	arg_2d.adx	0x68	2066432	38.23	48000	2	1	206848	1823745	1835008
0x2d	ENDING SAGAT	yes	CPS2	115	CPS2_2d.adx	0x58	940032	17.40	48000	2	1	48864	834462	835148
0x2d	ENDING SAGAT	yes	CPS1	184	fm_2d.adx	0x68	948224	17.55	48000	2	1	69088	836922	842186
0x2e	ENDING VEGA	yes	ARRANGE	46	arg_2e.adx	0x70	2123776	39.26	48000	2	1	375104	1874359	1884541
0x2e	ENDING VEGA	yes	CPS2	116	CPS2_2e.adx	0x58	862208	15.92	48000	2	1	128	763208	763951
0x2e	ENDING VEGA	yes	CPS1	185	fm_2e.adx	0x68	1288192	23.81	48000	2	1	376800	1138593	1142800
0x2f	ENDING FEI LONG	yes	ARRANGE	47	arg_2f.adx	0x68	3342336	61.87	48000	2	1	940544	2937646	2969797
0x2f	ENDING FEI LONG	yes	CPS2	117	CPS2_2f.adx	0x58	1882112	34.83	48000	2	1	687584	1670991	1671688
0x2f	ENDING FEI LONG	yes	CPS1	186	fm_2f.adx	0x68	2099200	38.84	48000	2	1	878976	1855103	1864267
0x30	ENDING CAMMY	yes	ARRANGE	48	arg_30.adx	0x68	3737600	69.17	48000	2	1	410784	3290557	3320080
0x30	ENDING CAMMY	yes	CPS2	118	CPS2_30.adx	0x58	3489792	64.56	48000	2	1	588352	3098202	3098793
0x30	ENDING CAMMY	yes	CPS1	187	fm_30.adx	0x68	3393536	62.81	48000	2	1	506368	2998258	3014660
0x31	ENDING T.HAWK	yes	ARRANGE	49	arg_31.adx	0x68	4007074	74.20	48000	2	0	0	0	3561776
0x31	ENDING T.HAWK	yes	CPS2	119	CPS2_31.adx	0x58	4009450	74.25	48000	2	0	0	0	3563885
0x31	ENDING T.HAWK	yes	CPS1	188	fm_31.adx	0x68	3935290	72.87	48000	2	0	0	0	3497984
0x32	ENDING DEE JAY	yes	ARRANGE	50	arg_32.adx	0x68	3559424	65.88	48000	2	1	490592	3126177	3162016
0x32	ENDING DEE JAY	yes	CPS2	120	CPS2_32.adx	0x58	1374208	25.39	48000	2	1	128	1218128	1218862
0x32	ENDING DEE JAY	yes	CPS1	189	fm_32.adx	0x68	1476608	27.31	48000	2	1	97664	1301009	1310720
0x33	OPENING DEMO	yes	ARRANGE	51	arg_33.adx	0x74	1419106	26.28	48000	2	0	0	0	1261376
0x33	OPENING DEMO	yes	CPS2	121	CPS2_33.adx	0x58	1242742	23.01	48000	2	0	0	0	1104596
0x33	OPENING DEMO	yes	CPS1	190	fm_33.adx	0x68	1301206	24.09	48000	2	0	0	0	1156560
0x34	PLAYER SELECT	yes	ARRANGE	52	arg_34.adx	0x78	2314240	42.84	48000	2	1	678816	2035417	2056216
0x34	PLAYER SELECT	yes	CPS2	122	CPS2_34.adx	0x58	935936	17.30	48000	2	1	166144	829685	830369
0x34	PLAYER SELECT	yes	CPS1	191	fm_34.adx	0x70	1726464	31.91	48000	2	1	830880	1495251	1531908
0x35	VS.	yes	ARRANGE	53	arg_35.adx	0x6c	244354	4.52	48000	2	0	0	0	217131
0x35	VS.	yes	CPS2	123	CPS2_35.adx	0x58	219694	4.07	48000	2	0	0	0	195204
0x35	VS.	yes	CPS1	192	fm_35.adx	0x70	237802	4.40	48000	2	0	0	0	211328
0x36	STAGE-END	yes	ARRANGE	54	arg_36.adx	0x68	349150	6.46	48000	2	0	0	0	310275
0x36	STAGE-END	yes	CPS2	124	CPS2_36.adx	0x58	266206	4.93	48000	2	0	0	0	236564
0x36	STAGE-END	yes	CPS1	193	fm_36.adx	0x68	309406	5.73	48000	2	0	0	0	274959
0x37	CONTINUE	yes	ARRANGE	55	arg_37.adx	0x68	794624	14.68	48000	2	1	214208	681693	704524
0x37	CONTINUE	yes	CPS2	125	CPS2_37.adx	0x58	522240	9.63	48000	2	1	160	461534	462211
0x37	CONTINUE	yes	CPS1	194	fm_37.adx	0x70	1175552	21.76	48000	2	1	542432	1007641	1044496
0x38	HERE COMES ...	yes	ARRANGE	56	arg_38.adx	0x70	126778	2.35	48000	2	0	0	0	112640
0x38	HERE COMES ...	yes	CPS2	126	CPS2_38.adx	0x58	127354	2.36	48000	2	0	0	0	113127
0x38	HERE COMES ...	yes	CPS1	195	fm_38.adx	0x70	104314	1.93	48000	2	0	0	0	92672
0x39	GAME OVER	yes	ARRANGE	57	arg_39.adx	0x68	223726	4.14	48000	2	0	0	0	198810
0x39	GAME OVER	yes	CPS2	127	CPS2_39.adx	0x58	127822	2.37	48000	2	0	0	0	113545
0x39	GAME OVER	yes	CPS1	196	fm_39.adx	0x70	117706	2.18	48000	2	0	0	0	104559
0x3a	RANKING	yes	ARRANGE	58	arg_3a.adx	0x68	273910	5.07	48000	2	0	0	0	243419
0x3a	RANKING	yes	CPS2	128	CPS2_3a.adx	0x58	132682	2.46	48000	2	0	0	0	117864
0x3a	RANKING	yes	CPS1	197	fm_3a.adx	0x70	150250	2.78	48000	2	0	0	0	133479
0x3b	BONUS STAGE	yes	ARRANGE	59	arg_3b.adx	0x68	927744	17.14	48000	2	1	233440	806385	822568
0x3b	BONUS STAGE	yes	CPS2	129	CPS2_3b.adx	0x58	802816	14.81	48000	2	1	169600	709838	710696
0x3b	BONUS STAGE	yes	CPS1	198	fm_3b.adx	0x70	6513142	120.61	48000	2	0	0	0	5789397
0x3c	STAFF ROLL	yes	ARRANGE	60	arg_3c.adx	0x68	8845312	163.75	48000	2	1	4186112	7827389	7860156
0x3c	STAFF ROLL	yes	CPS2	130	CPS2_3c.adx	0x58	5265408	97.48	48000	2	1	1213664	4678582	4679143
0x3c	STAFF ROLL	yes	CPS1	199	fm_3c.adx	0x70	3715072	68.78	48000	2	1	708032	3231709	3301377
0x3d	(unlisted; dead in-game)	sound-test-only	ARRANGE	61	___blank___.adx	0x68	54058	1.00	48000	2	0	0	0	48000
0x3d	(unlisted; dead in-game)	sound-test-only	CPS2	131	CPS2_3d.adx	0x58	564322	10.45	48000	2	0	0	0	501551
0x3d	(unlisted; dead in-game)	sound-test-only	CPS1	200	___blank___.adx	0x70	54058	1.00	48000	2	0	0	0	48000
0x3e	ENDING CHUN LI(3)	yes	ARRANGE	62	arg_3e.adx	0x70	3201024	59.27	48000	2	1	933440	2816045	2844820
0x3e	ENDING CHUN LI(3)	yes	CPS2	132	CPS2_3e.adx	0x58	1110016	20.50	48000	2	1	160	983478	984182
0x3e	ENDING CHUN LI(3)	yes	CPS1	201	fm_3e.adx	0x70	1087488	20.10	48000	2	1	19136	942097	964897
0x3f	TOURNAMENT	yes	ARRANGE	63	arg_3f.adx	0x68	364702	6.75	48000	2	0	0	0	324104
0x3f	TOURNAMENT	yes	CPS2	133	CPS2_3f.adx	0x58	157990	2.92	48000	2	0	0	0	140364
0x3f	TOURNAMENT	yes	CPS1	202	fm_3f.adx	0x70	131962	2.44	48000	2	0	0	0	117237
0xc1	CONGRATULATIONS!	yes	ARRANGE	64	arg_c1.adx	0x68	2895872	53.59	48000	2	1	938048	2554625	2572288
0xc1	CONGRATULATIONS!	yes	CPS2	134	CPS2_c1.adx	0x58	1378304	25.50	48000	2	1	483360	1223424	1223979
0xc1	CONGRATULATIONS!	yes	CPS1	203	fm_c1.adx	0x70	1482752	27.41	48000	2	1	572128	1302589	1315451
0xd3	PLAYER SELECT(X)	yes	ARRANGE	65	arg_d3.adx	0x68	1718842	31.83	48000	2	0	0	0	1527808
0xd3	PLAYER SELECT(X)	yes	CPS2	135	CPS2_d3.adx	0x58	1601086	29.65	48000	2	0	0	0	1423130
0xd3	PLAYER SELECT(X)	yes	CPS1	204	___blank___.adx	0x6c	54058	1.00	48000	2	0	0	0	48000
0xd4	OPENING DEMO(X)	yes	ARRANGE	66	arg_d4.adx	0x68	1748794	32.38	48000	2	0	0	0	1554432
0xd4	OPENING DEMO(X)	yes	CPS2	136	CPS2_d4.adx	0x58	1691698	31.33	48000	2	0	0	0	1503661
0xd4	OPENING DEMO(X)	yes	CPS1	205	___blank___.adx	0x70	54058	1.00	48000	2	0	0	0	48000
0xd5	STAGE GOUKI	yes	ARRANGE	67	arg_d5.adx	0x68	2772992	51.29	48000	2	1	699072	2446241	2461713
0xd5	STAGE GOUKI	yes	CPS2	137	CPS2_d5.adx	0x58	1941504	35.91	48000	2	1	160	1722812	1723467
0xd5	STAGE GOUKI	yes	CPS1	206	fm_d5.adx	0x68	2467840	45.63	48000	2	1	513536	2169154	2190202
0xd6	STAGE GOUKI(2)	yes	ARRANGE	68	arg_d6.adx	0x68	3239936	59.99	48000	2	1	167200	2841105	2879488
0xd6	STAGE GOUKI(2)	yes	CPS2	138	CPS2_d6.adx	0x58	2883584	53.34	48000	2	1	192	2559790	2560395
0xd6	STAGE GOUKI(2)	yes	CPS1	207	fm_d6.adx	0x68	2861056	52.94	48000	2	1	76064	2512305	2541208
0xe0	READY TO FIGHT (arr) / STAFF ROLL(X)	yes	ARRANGE	69	RTF_00.adx	0x58	13140058	243.33	48000	2	0	0	0	11680000
0xe0	READY TO FIGHT (arr) / STAFF ROLL(X)	yes	CPS2	130	CPS2_3c.adx	0x58	5265408	97.48	48000	2	1	1213664	4678582	4679143
0xe0	READY TO FIGHT (arr) / STAFF ROLL(X)	yes	CPS1	208	fm_e0.adx	0x70	5281792	97.78	48000	2	1	1211808	4653689	4693365
0xe1	*OPENING DEMO	sound-test-only	CPS1	209	CPS1_16.adx	0x70	1403626	25.99	48000	2	0	0	0	1247593
0xe2	*ENDING CHUN LI	sound-test-only	CPS1	210	CPS1_1d.adx	0x70	841728	15.53	48000	2	1	400640	732823	745495
0xe3	*ENDING CHUN LI(2)	sound-test-only	CPS1	211	CPS1_35.adx	0x70	3301376	61.10	48000	2	1	1330496	2882234	2932760
0xe4	*ENDING SHADALOO	sound-test-only	CPS1	212	CPS1_8c.adx	0x70	1863680	34.47	48000	2	1	624288	1620827	1654785
